,country,4ce_num_hosp,4ce_num_beds,4ce_num_yearly_discharge,country_num_yearly_discharge_per_100000,country_population,F1,F0
0,France,42.0,22774.0,1505571.0,18553.0,67059887,0.01232289941822737,8.263722424986932
1,Germany,3.0,4412.0,187248.0,25478.4,83132799,0.13606767495513972,113.11686672442964
2,Italy,5.0,2755.0,97344.0,11414.6,60297396,0.11726043721236029,70.70499017726824
3,Spain + Singapore,2.0,2812.0,146012.0,23170.9,52780350,0.1586917513629017,83.75806179046928
4,USA,56.0,14359.0,683969.0,10906.2,328239523,0.015945459516440073,52.33930025692101
